geo,iso3,year,learning,learning_percentile,ef_percentile,gap_pct
AT,AUT,2012,98.6,1.0,,
DE,DEU,2012,72.1,0.5,,
DK,DNK,2012,66.02000000000001,0.375,,
HR,HRV,2012,92.86,0.875,,
HU,HUN,2012,57.480000000000004,0.125,,
LV,LVA,2012,86.4,0.625,,
PT,PRT,2012,64.0,0.25,,
RO,ROU,2012,88.08,0.75,,
AT,AUT,2013,99.53999999999999,0.9,0.7307692307692307,-0.1692307692307693
BE,BEL,2013,56.14000000000001,0.06666666666666667,0.6538461538461539,0.5871794871794872
BG,BGR,2013,83.66,0.36666666666666664,0.34615384615384615,-0.020512820512820495
CY,CYP,2013,96.24,0.7666666666666667,,
CZ,CZE,2013,87.0,0.5,0.4230769230769231,-0.07692307692307693
DE,DEU,2013,69.03999999999999,0.26666666666666666,0.7692307692307693,0.5025641025641026
DK,DNK,2013,62.660000000000004,0.16666666666666666,0.9230769230769231,0.7564102564102565
ES,ESP,2013,79.6,0.3333333333333333,0.23076923076923078,-0.10256410256410253
EE,EST,2013,85.88,0.4666666666666667,,
FI,FIN,2013,91.16,0.6,0.8461538461538461,0.24615384615384617
FR,FRA,2013,96.8,0.8,0.19230769230769232,-0.6076923076923078
HR,HRV,2013,93.44,0.7,,
HU,HUN,2013,60.98,0.13333333333333333,0.46153846153846156,0.32820512820512826
IE,IRL,2013,0.0,0.03333333333333333,,
IS,ISL,2013,67.44,0.23333333333333334,,
IT,ITA,2013,97.08,0.8333333333333334,0.15384615384615385,-0.6794871794871795
LI,LIE,2013,100.0,0.9666666666666667,,
LT,LTU,2013,84.42,0.4,0.2692307692307692,-0.1307692307692308
LU,LUX,2013,56.7,0.1,0.8076923076923077,0.7076923076923077
LV,LVA,2013,89.2,0.5666666666666667,,
MK,MKD,2013,99.17500000000001,0.8666666666666667,,
MT,MLT,2013,100.0,0.9666666666666667,,
NL,NLD,2013,76.56,0.3,1.0,0.7
NO,NOR,2013,100.0,0.9666666666666667,0.8846153846153846,-0.08205128205128209
PL,POL,2013,91.42,0.6666666666666666,0.6923076923076923,0.02564102564102566
PT,PRT,2013,67.14,0.2,0.5,0.3
RO,ROU,2013,88.3,0.5333333333333333,0.5384615384615384,0.00512820512820511
SK,SVK,2013,91.22,0.6333333333333333,0.38461538461538464,-0.24871794871794867
SI,SVN,2013,85.44,0.43333333333333335,,
SE,SWE,2013,95.44,0.7333333333333333,0.9615384615384616,0.22820512820512828
AT,AUT,2014,99.26,0.896551724137931,0.7096774193548387,-0.1868743047830923
BE,BEL,2014,57.14,0.06896551724137931,0.7419354838709677,0.6729699666295884
BG,BGR,2014,83.42,0.41379310344827586,0.3548387096774194,-0.058954393770856484
CY,CYP,2014,96.2,0.7586206896551724,,
CZ,CZE,2014,88.08,0.5517241379310345,0.4838709677419355,-0.06785317018909898
DE,DEU,2014,69.78,0.20689655172413793,0.7741935483870968,0.5672969966629589
DK,DNK,2014,62.6,0.13793103448275862,0.9032258064516129,0.7652947719688543
ES,ESP,2014,79.08,0.3448275862068966,0.2903225806451613,-0.054505005561735265
EE,EST,2014,83.4,0.3793103448275862,,
FI,FIN,2014,91.42,0.5862068965517241,0.8387096774193549,0.2525027808676308
FR,FRA,2014,97.02000000000001,0.7931034482758621,0.22580645161290322,-0.5672969966629589
HR,HRV,2014,93.08,0.6896551724137931,0.5806451612903226,-0.10901001112347053
HU,HUN,2014,61.839999999999996,0.10344827586206896,0.45161290322580644,0.3481646273637375
IS,ISL,2014,67.56,0.1724137931034483,,
IT,ITA,2014,98.58,0.8620689655172413,0.25806451612903225,-0.6040044493882091
LI,LIE,2014,100.0,0.9827586206896551,,
LT,LTU,2014,84.3,0.4482758620689655,0.3225806451612903,-0.1256952169076752
LU,LUX,2014,55.98,0.034482758620689655,0.8709677419354839,0.8364849833147943
LV,LVA,2014,85.32000000000001,0.4827586206896552,,
MK,MKD,2014,99.6,0.9310344827586207,,
MT,MLT,2014,100.0,0.9827586206896551,,
NL,NLD,2014,77.84,0.3103448275862069,0.967741935483871,0.6573971078976641
NO,NOR,2014,69.92,0.2413793103448276,0.9354838709677419,0.6941045606229143
PL,POL,2014,92.75999999999999,0.6551724137931034,0.6774193548387096,0.022246941045606206
PT,PRT,2014,69.96000000000001,0.27586206896551724,0.5161290322580645,0.24026696329254726
RO,ROU,2014,93.28,0.7241379310344828,0.6129032258064516,-0.11123470522803114
SK,SVK,2014,91.64,0.6206896551724138,0.3870967741935484,-0.23359288097886544
SI,SVN,2014,86.0,0.5172413793103449,0.8064516129032258,0.2892102335928809
SE,SWE,2014,97.3,0.8275862068965517,1.0,0.1724137931034483
AT,AUT,2015,99.47999999999999,0.9310344827586207,0.8666666666666667,-0.06436781609195397
BE,BEL,2015,54.56,0.034482758620689655,0.7333333333333333,0.6988505747126437
BG,BGR,2015,83.78,0.41379310344827586,0.43333333333333335,0.019540229885057492
CY,CYP,2015,95.5,0.7241379310344828,,
CZ,CZE,2015,90.0,0.5172413793103449,0.4666666666666667,-0.05057471264367819
DE,DEU,2015,72.34,0.27586206896551724,0.8333333333333334,0.5574712643678161
DK,DNK,2015,62.6,0.10344827586206896,,
ES,ESP,2015,83.08,0.3793103448275862,0.26666666666666666,-0.11264367816091952
EE,EST,2015,81.74,0.3448275862068966,0.36666666666666664,0.021839080459770066
FI,FIN,2015,91.66,0.5689655172413793,0.9,0.3310344827586207
FR,FRA,2015,97.24,0.8620689655172413,0.3333333333333333,-0.5287356321839081
HR,HRV,2015,95.1,0.6896551724137931,0.7,0.010344827586206806
HU,HUN,2015,63.3,0.13793103448275862,0.6666666666666666,0.5287356321839081
IS,ISL,2015,68.12,0.20689655172413793,,
IT,ITA,2015,95.74,0.7586206896551724,0.23333333333333334,-0.525287356321839
LI,LIE,2015,96.05,0.7931034482758621,,
LT,LTU,2015,84.97999999999999,0.4482758620689655,0.5333333333333333,0.0850574712643678
LU,LUX,2015,57.14,0.06896551724137931,,
LV,LVA,2015,91.66,0.5689655172413793,0.3,-0.26896551724137935
MK,MKD,2015,100.0,0.9827586206896551,,
MT,MLT,2015,100.0,0.9827586206896551,,
NL,NLD,2015,74.78,0.3103448275862069,1.0,0.6896551724137931
NO,NOR,2015,67.14,0.1724137931034483,0.9333333333333333,0.7609195402298851
PL,POL,2015,93.62,0.6551724137931034,0.8,0.14482758620689662
PT,PRT,2015,69.3,0.2413793103448276,0.7666666666666667,0.5252873563218391
RO,ROU,2015,96.38,0.8275862068965517,0.6333333333333333,-0.1942528735632184
SK,SVK,2015,91.7,0.6206896551724138,0.4,-0.2206896551724138
SI,SVN,2015,85.8,0.4827586206896552,,
SE,SWE,2015,97.52000000000001,0.896551724137931,0.9666666666666667,0.07011494252873562
AT,AUT,2016,99.67999999999999,0.896551724137931,,
BE,BEL,2016,57.6,0.06896551724137931,,
BG,BGR,2016,84.97999999999999,0.41379310344827586,0.5172413793103449,0.103448275862069
CY,CYP,2016,95.88000000000001,0.7586206896551724,,
CZ,CZE,2016,90.36,0.5517241379310345,0.5517241379310345,0.0
DE,DEU,2016,72.42,0.2413793103448276,0.8275862068965517,0.5862068965517241
DK,DNK,2016,68.47999999999999,0.20689655172413793,0.9655172413793104,0.7586206896551725
ES,ESP,2016,85.0,0.4482758620689655,0.2413793103448276,-0.20689655172413793
EE,EST,2016,77.67999999999999,0.3448275862068966,0.3793103448275862,0.03448275862068961
FI,FIN,2016,89.66,0.5172413793103449,0.9310344827586207,0.4137931034482758
FR,FRA,2016,97.38,0.8275862068965517,0.3448275862068966,-0.48275862068965514
HR,HRV,2016,93.24,0.6206896551724138,0.7586206896551724,0.13793103448275856
HU,HUN,2016,65.32000000000001,0.10344827586206896,0.7241379310344828,0.6206896551724138
IS,ISL,2016,67.3,0.1724137931034483,,
IT,ITA,2016,95.56,0.7241379310344828,0.27586206896551724,-0.4482758620689655
LI,LIE,2016,100.0,0.9655172413793104,,
LT,LTU,2016,85.14,0.4827586206896552,0.41379310344827586,-0.06896551724137934
LU,LUX,2016,56.839999999999996,0.034482758620689655,0.7931034482758621,0.7586206896551725
LV,LVA,2016,94.6,0.6896551724137931,0.3103448275862069,-0.37931034482758624
MK,MKD,2016,100.0,0.9655172413793104,,
MT,MLT,2016,100.0,0.9655172413793104,,
NL,NLD,2016,74.64,0.3103448275862069,1.0,0.6896551724137931
NO,NOR,2016,66.22,0.13793103448275862,0.896551724137931,0.7586206896551724
PL,POL,2016,94.53999999999999,0.6551724137931034,0.6551724137931034,0.0
PT,PRT,2016,72.44,0.27586206896551724,0.8620689655172413,0.5862068965517241
RO,ROU,2016,96.8,0.7931034482758621,0.6206896551724138,-0.1724137931034483
SK,SVK,2016,91.72,0.5862068965517241,0.4482758620689655,-0.13793103448275856
SI,SVN,2016,84.2,0.3793103448275862,,
SE,SWE,2016,97.52000000000001,0.8620689655172413,,
AT,AUT,2017,99.53999999999999,0.9,0.967741935483871,0.06774193548387097
BE,BEL,2017,56.279999999999994,0.03333333333333333,,
BG,BGR,2017,85.32000000000001,0.43333333333333335,0.4838709677419355,0.05053763440860215
CY,CYP,2017,97.92,0.8333333333333334,,
CZ,CZE,2017,91.24000000000001,0.4666666666666667,0.3548387096774194,-0.1118279569892473
DE,DEU,2017,72.75999999999999,0.23333333333333334,0.7741935483870968,0.5408602150537634
DK,DNK,2017,68.17999999999999,0.2,0.9354838709677419,0.7354838709677418
ES,ESP,2017,85.06,0.4,0.2903225806451613,-0.10967741935483871
EE,EST,2017,74.16,0.26666666666666666,0.5161290322580645,0.24946236559139784
FI,FIN,2017,92.6,0.6,,
FR,FRA,2017,97.44,0.7666666666666667,0.3225806451612903,-0.4440860215053764
HR,HRV,2017,93.53999999999999,0.6666666666666666,0.8064516129032258,0.13978494623655913
HU,HUN,2017,67.58,0.16666666666666666,0.6129032258064516,0.446236559139785
IS,ISL,2017,66.78,0.13333333333333333,,
IT,ITA,2017,96.02000000000001,0.7,0.25806451612903225,-0.4419354838709677
LI,LIE,2017,100.0,0.9833333333333333,,
LT,LTU,2017,83.9,0.36666666666666664,0.45161290322580644,0.0849462365591398
LU,LUX,2017,57.14,0.06666666666666667,0.7419354838709677,0.6752688172043011
LV,LVA,2017,92.7,0.6333333333333333,0.3870967741935484,-0.24623655913978493
MK,MKD,2017,99.8,0.9333333333333333,,
MT,MLT,2017,100.0,0.9833333333333333,,
NL,NLD,2017,75.9,0.3333333333333333,1.0,0.6666666666666667
NO,NOR,2017,64.96000000000001,0.1,0.9032258064516129,0.8032258064516129
PL,POL,2017,91.6,0.5,0.6451612903225806,0.14516129032258063
PT,PRT,2017,75.22,0.3,0.8709677419354839,0.5709677419354839
RO,ROU,2017,96.88,0.7333333333333333,0.6774193548387096,-0.05591397849462365
RS,SRB,2017,98.65,0.8666666666666667,0.7096774193548387,-0.15698924731182795
SK,SVK,2017,92.08,0.5666666666666667,0.5483870967741935,-0.018279569892473146
SI,SVN,2017,92.02,0.5333333333333333,,
SE,SWE,2017,97.88,0.8,0.8387096774193549,0.03870967741935483
AT,AUT,2018,99.42,0.8620689655172413,0.9666666666666667,0.10459770114942535
BE,BEL,2018,58.660000000000004,0.06896551724137931,,
BG,BGR,2018,85.17999999999999,0.4482758620689655,0.5333333333333333,0.0850574712643678
CY,CYP,2018,99.72,0.896551724137931,,
CZ,CZE,2018,91.66,0.4827586206896552,0.5,0.017241379310344807
DE,DEU,2018,72.38,0.2413793103448276,0.8333333333333334,0.5919540229885057
DK,DNK,2018,67.96000000000001,0.1724137931034483,0.9333333333333333,0.7609195402298851
ES,ESP,2018,83.88,0.41379310344827586,0.3,-0.11379310344827587
EE,EST,2018,73.66,0.27586206896551724,0.43333333333333335,0.1574712643678161
FI,FIN,2018,92.88,0.5862068965517241,0.8666666666666667,0.2804597701149426
FR,FRA,2018,97.4,0.7931034482758621,0.26666666666666666,-0.5264367816091955
HR,HRV,2018,94.03999999999999,0.6551724137931034,0.8,0.14482758620689662
HU,HUN,2018,69.42,0.20689655172413793,0.6,0.3931034482758621
IS,ISL,2018,66.24,0.13793103448275862,,
IT,ITA,2018,95.02000000000001,0.6896551724137931,0.3333333333333333,-0.35632183908045983
LI,LIE,2018,100.0,0.9655172413793104,,
LT,LTU,2018,83.66,0.3793103448275862,0.5666666666666667,0.18735632183908046
LU,LUX,2018,57.379999999999995,0.034482758620689655,0.6666666666666666,0.632183908045977
LV,LVA,2018,92.52000000000001,0.5172413793103449,0.4666666666666667,-0.05057471264367819
MK,MKD,2018,100.0,0.9655172413793104,,
MT,MLT,2018,100.0,0.9655172413793104,,
NL,NLD,2018,77.48,0.3448275862068966,1.0,0.6551724137931034
NO,NOR,2018,63.48,0.10344827586206896,,
PL,POL,2018,95.3,0.7241379310344828,0.7666666666666667,0.042528735632183956
PT,PRT,2018,74.42,0.3103448275862069,,
RO,ROU,2018,96.86,0.7586206896551724,0.6333333333333333,-0.12528735632183907
SK,SVK,2018,92.8,0.5517241379310345,0.7,0.14827586206896548
SI,SVN,2018,93.03999999999999,0.6206896551724138,,
SE,SWE,2018,97.97999999999999,0.8275862068965517,0.9,0.07241379310344831
AT,AUT,2019,99.36,0.896551724137931,0.967741935483871,0.07119021134593995
BE,BEL,2019,60.25999999999999,0.06896551724137931,0.9032258064516129,0.8342602892102335
BG,BGR,2019,86.52000000000001,0.4482758620689655,0.6451612903225806,0.1968854282536151
CY,CYP,2019,98.34,0.7758620689655172,,
CZ,CZE,2019,92.12,0.5172413793103449,0.41935483870967744,-0.09788654060066743
DE,DEU,2019,72.32000000000001,0.3103448275862069,0.8387096774193549,0.5283648498331479
DK,DNK,2019,67.32000000000001,0.1724137931034483,,
ES,ESP,2019,83.56,0.41379310344827586,0.25806451612903225,-0.1557285873192436
EE,EST,2019,72.28,0.27586206896551724,0.4838709677419355,0.20800889877641826
FI,FIN,2019,92.6,0.5517241379310345,0.7096774193548387,0.15795328142380427
FR,FRA,2019,98.34,0.7758620689655172,0.12903225806451613,-0.6468298109010011
HR,HRV,2019,94.17999999999999,0.6551724137931034,0.8064516129032258,0.15127919911012233
HU,HUN,2019,70.56,0.20689655172413793,0.6129032258064516,0.4060066740823137
IS,ISL,2019,64.92,0.13793103448275862,,
IT,ITA,2019,98.42,0.8275862068965517,0.25806451612903225,-0.5695216907675195
LI,LIE,2019,100.0,0.9655172413793104,,
LT,LTU,2019,83.06,0.3793103448275862,0.5483870967741935,0.16907675194660732
LU,LUX,2019,59.08,0.034482758620689655,0.5161290322580645,0.48164627363737483
LV,LVA,2019,93.26,0.5862068965517241,,
MK,MKD,2019,100.0,0.9655172413793104,,
MT,MLT,2019,100.0,0.9655172413793104,,
NL,NLD,2019,77.88,0.3448275862068966,1.0,0.6551724137931034
NO,NOR,2019,63.2,0.10344827586206896,0.9354838709677419,0.8320355951056729
PL,POL,2019,96.03999999999999,0.6896551724137931,0.7419354838709677,0.0522803114571746
PT,PRT,2019,71.97999999999999,0.2413793103448276,0.8709677419354839,0.6295884315906563
RO,ROU,2019,97.0,0.7241379310344828,0.6774193548387096,-0.04671857619577313
SK,SVK,2019,93.47999999999999,0.6206896551724138,0.5806451612903226,-0.04004449388209119
SI,SVN,2019,91.7,0.4827586206896552,,
SE,SWE,2019,98.78,0.8620689655172413,,
AT,AUT,2020,99.53999999999999,0.9,,
BE,BEL,2020,64.62,0.1,0.7666666666666667,0.6666666666666667
BG,BGR,2020,86.38,0.4,0.6666666666666666,0.2666666666666666
BA,BIH,2020,90.72,0.4666666666666667,,
CY,CYP,2020,99.1,0.8666666666666667,0.4,-0.4666666666666667
CZ,CZE,2020,92.36,0.5,0.43333333333333335,-0.06666666666666665
DE,DEU,2020,72.36,0.2,0.8333333333333334,0.6333333333333333
DK,DNK,2020,66.88,0.13333333333333333,0.9,0.7666666666666667
ES,ESP,2020,84.88,0.36666666666666664,0.26666666666666666,-0.09999999999999998
EE,EST,2020,80.92,0.3,0.5666666666666667,0.26666666666666666
FI,FIN,2020,94.84,0.6666666666666666,0.7333333333333333,0.06666666666666665
FR,FRA,2020,98.36,0.8,0.06666666666666667,-0.7333333333333334
HR,HRV,2020,94.52000000000001,0.6333333333333333,0.9333333333333333,0.30000000000000004
HU,HUN,2020,71.74,0.16666666666666666,0.6333333333333333,0.4666666666666667
IS,ISL,2020,87.4,0.43333333333333335,,
IT,ITA,2020,95.32000000000001,0.7,0.1,-0.6
LI,LIE,2020,100.0,0.9833333333333333,,
LT,LTU,2020,82.03999999999999,0.3333333333333333,0.5,0.16666666666666669
LU,LUX,2020,63.64,0.03333333333333333,0.5333333333333333,0.5
LV,LVA,2020,93.67999999999999,0.5666666666666667,,
MK,MKD,2020,99.95,0.9333333333333333,,
MT,MLT,2020,100.0,0.9833333333333333,,
NL,NLD,2020,78.14,0.26666666666666666,1.0,0.7333333333333334
NO,NOR,2020,64.38,0.06666666666666667,0.9666666666666667,0.9
PL,POL,2020,97.12,0.7333333333333333,0.7,-0.033333333333333326
PT,PRT,2020,73.64,0.23333333333333334,,
RO,ROU,2020,97.34,0.7666666666666667,0.8,0.033333333333333326
SK,SVK,2020,92.94,0.5333333333333333,0.6,0.06666666666666665
SI,SVN,2020,94.12,0.6,,
SE,SWE,2020,98.9,0.8333333333333334,,
AT,AUT,2021,99.36,0.8928571428571429,,
BE,BEL,2021,65.26,0.07142857142857142,,
BG,BGR,2021,87.8,0.42857142857142855,,
CY,CYP,2021,98.52000000000001,0.7857142857142857,,
CZ,CZE,2021,92.58,0.4642857142857143,,
DE,DEU,2021,72.12,0.17857142857142858,,
DK,DNK,2021,65.64,0.14285714285714285,,
ES,ESP,2021,84.72,0.39285714285714285,,
EE,EST,2021,79.8,0.32142857142857145,,
FI,FIN,2021,95.72,0.6428571428571429,,
FR,FRA,2021,98.24000000000001,0.75,,
HR,HRV,2021,94.84,0.6071428571428571,,
HU,HUN,2021,73.17999999999999,0.21428571428571427,,
IT,ITA,2021,99.06,0.8571428571428571,,
LI,LIE,2021,100.0,0.9642857142857143,,
LT,LTU,2021,82.64,0.35714285714285715,,
LU,LUX,2021,64.4,0.03571428571428571,,
LV,LVA,2021,93.16,0.5,,
MK,MKD,2021,100.0,0.9642857142857143,,
MT,MLT,2021,100.0,0.9642857142857143,,
NL,NLD,2021,78.3,0.2857142857142857,,
NO,NOR,2021,65.52000000000001,0.10714285714285714,,
PL,POL,2021,96.4,0.6785714285714286,,
PT,PRT,2021,76.6,0.25,,
RO,ROU,2021,97.28,0.7142857142857143,,
SK,SVK,2021,94.3,0.5714285714285714,,
SI,SVN,2021,93.42,0.5357142857142857,,
SE,SWE,2021,98.92,0.8214285714285714,,
AT,AUT,2022,98.84,0.84375,,
BE,BEL,2022,66.82000000000001,0.15625,,
BG,BGR,2022,83.14000000000001,0.375,,
BA,BIH,2022,91.67999999999999,0.5,,
CY,CYP,2022,98.97999999999999,0.90625,,
CZ,CZE,2022,92.76,0.53125,,
DE,DEU,2022,72.47999999999999,0.21875,,
DK,DNK,2022,64.84,0.125,,
ES,ESP,2022,83.72,0.40625,,
EE,EST,2022,81.11999999999999,0.3125,,
FI,FIN,2022,95.97999999999999,0.6875,,
FR,FRA,2022,98.26,0.8125,,
HR,HRV,2022,94.86,0.65625,,
HU,HUN,2022,71.88,0.1875,,
IE,IRL,2022,0.0,0.03125,,
IS,ISL,2022,87.44999999999999,0.4375,,
IT,ITA,2022,93.06,0.5625,,
LI,LIE,2022,100.0,0.96875,,
LT,LTU,2022,81.2,0.34375,,
LU,LUX,2022,57.720000000000006,0.0625,,
LV,LVA,2022,90.97999999999999,0.46875,,
MK,MKD,2022,100.0,0.96875,,
MT,MLT,2022,100.0,0.96875,,
NL,NLD,2022,78.14,0.28125,,
NO,NOR,2022,58.0,0.09375,,
PL,POL,2022,96.67999999999999,0.71875,,
PT,PRT,2022,76.6,0.25,,
RO,ROU,2022,97.44,0.75,,
RS,SRB,2022,97.66,0.78125,,
SK,SVK,2022,94.46000000000001,0.625,,
SI,SVN,2022,93.47999999999999,0.59375,,
SE,SWE,2022,98.96000000000001,0.875,,
AT,AUT,2023,98.56,0.8709677419354839,,
BE,BEL,2023,67.17999999999999,0.16129032258064516,,
BG,BGR,2023,79.16,0.3225806451612903,,
BA,BIH,2023,91.24,0.5161290322580645,,
CY,CYP,2023,96.3,0.7096774193548387,,
CZ,CZE,2023,92.96000000000001,0.5483870967741935,,
DE,DEU,2023,73.88,0.22580645161290322,,
DK,DNK,2023,65.22,0.12903225806451613,,
ES,ESP,2023,83.94,0.41935483870967744,,
EE,EST,2023,83.03999999999999,0.3870967741935484,,
FI,FIN,2023,96.42,0.7419354838709677,,
FR,FRA,2023,98.35999999999999,0.8387096774193549,,
HR,HRV,2023,94.84,0.6451612903225806,,
HU,HUN,2023,72.76,0.1935483870967742,,
IE,IRL,2023,0.0,0.03225806451612903,,
IS,ISL,2023,87.55,0.45161290322580644,,
IT,ITA,2023,95.97999999999999,0.6774193548387096,,
LT,LTU,2023,81.74,0.3548387096774194,,
LU,LUX,2023,60.379999999999995,0.0967741935483871,,
LV,LVA,2023,90.8,0.4838709677419355,,
MK,MKD,2023,100.0,0.9838709677419355,,
MT,MLT,2023,100.0,0.9838709677419355,,
NL,NLD,2023,77.9,0.2903225806451613,,
NO,NOR,2023,58.120000000000005,0.06451612903225806,,
PL,POL,2023,96.96000000000001,0.7741935483870968,,
PT,PRT,2023,75.74000000000001,0.25806451612903225,,
RO,ROU,2023,97.46,0.8064516129032258,,
RS,SRB,2023,98.74,0.9032258064516129,,
SK,SVK,2023,94.0,0.5806451612903226,,
SI,SVN,2023,94.56,0.6129032258064516,,
SE,SWE,2023,98.94,0.9354838709677419,,
AL,ALB,2024,96.43333333333334,0.6451612903225806,,
AT,AUT,2024,98.72,0.9032258064516129,,
BE,BEL,2024,71.92,0.16129032258064516,,
BG,BGR,2024,78.84,0.3225806451612903,,
BA,BIH,2024,92.1,0.5161290322580645,,
CY,CYP,2024,97.1,0.6774193548387096,,
DE,DEU,2024,73.88,0.22580645161290322,,
DK,DNK,2024,64.47999999999999,0.12903225806451613,,
ES,ESP,2024,83.84,0.41935483870967744,,
EE,EST,2024,80.6,0.3870967741935484,,
FI,FIN,2024,97.2,0.7419354838709677,,
FR,FRA,2024,98.42,0.8709677419354839,,
HR,HRV,2024,94.6,0.5806451612903226,,
HU,HUN,2024,73.28,0.1935483870967742,,
IE,IRL,2024,0.0,0.03225806451612903,,
IT,ITA,2024,97.88,0.8225806451612904,,
LT,LTU,2024,79.47999999999999,0.3548387096774194,,
LU,LUX,2024,57.620000000000005,0.06451612903225806,,
LV,LVA,2024,91.9,0.4838709677419355,,
MK,MKD,2024,99.96666666666665,1.0,,
MT,MLT,2024,99.6,0.967741935483871,,
NL,NLD,2024,77.8,0.2903225806451613,,
NO,NOR,2024,57.96,0.0967741935483871,,
PL,POL,2024,97.16,0.7096774193548387,,
PT,PRT,2024,75.86,0.25806451612903225,,
RO,ROU,2024,97.62,0.7741935483870968,,
RS,SRB,2024,97.88,0.8225806451612904,,
SK,SVK,2024,94.0,0.5483870967741935,,
SI,SVN,2024,95.46000000000001,0.6129032258064516,,
SE,SWE,2024,98.86,0.9354838709677419,,
UA,UKR,2024,84.43333333333334,0.45161290322580644,,
