Year,Rank,Country,Score
2017,1,Netherlands,71.45
2017,12,Belgium,61.58
2017,23,Greece,57.14
2017,2,Sweden,70.40
2017,14,Switzerland,60.95
2017,24,Lithuania,57.08
2017,3,Denmark,69.93
2017,16,Serbia,59.37
2017,28,Spain,56.06
2017,4,Norway,67.77
2017,17,Romania,59.13
2017,32,France,54.39
2017,6,Finland,65.83
2017,18,Portugal,58.76
2017,33,Italy,54.19
2017,7,Luxembourg,64.57
2017,19,Hungary,58.61
2017,38,Russia,52.19
2017,9,Germany,62.35
2017,20,Czech Republic,57.87
2017,47,Ukraine,50.91
2017,10,Austria,62.18
2017,21,Slovakia,57.63
2017,62,Turkey,47.79
2017,11,Poland,62.07
2017,22,Bulgaria,57.34
2017,64,Azerbaijan,46.97
2018,1,Sweden,70.72
2018,15,Switzerland,61.77
2018,32,Spain,55.85
2018,2,Netherlands,70.31
2018,16,Romania,60.31
2018,34,Italy,55.77
2018,4,Norway,68.38
2018,17,Croatia,60.16
2018,35,France,55.49
2018,5,Denmark,67.34
2018,18,Serbia,60.04
2018,38,Belarus,53.53
2018,7,Luxembourg,66.33
2018,19,Portugal,60.02
2018,42,Russia,52.96
2018,8,Finland,65.86
2018,20,Czech Republic,59.99
2018,43,Ukraine,52.86
2018,9,Slovenia,64.84
2018,21,Hungary,59.51
2018,45,Georgia,52.28
2018,10,Germany,63.74
2018,23,Greece,58.49
2018,52,Albania,51.49
2018,11,Belgium,63.52
2018,24,Slovakia,58.11
2018,73,Turkey,47.17
2018,12,Austria,63.13
2018,25,Bulgaria,57.95
2018,77,Azerbaijan,45.85
2018,13,Poland,62.45
2018,26,Lithuania,57.81
2019,1,Netherlands,70.27
2019,14,Croatia,63.07
2019,31,France,57.25
2019,2,Sweden,68.74
2019,15,Hungary,61.86
2019,32,Latvia,56.85
2019,3,Norway,67.93
2019,16,Romania,61.36
2019,35,Spain,55.46
2019,17,Serbia,61.30
2019,36,Italy,55.31
2019,7,Finland,65.34
2019,19,Switzerland,60.23
2019,47,Belarus,52.39
2019,8,Austria,64.11
2019,21,Lithuania,60.11
2019,48,Russia,52.14
2019,22,Greece,59.87
2019,49,Ukraine,52.13
2019,10,Germany,63.77
2019,23,Czech Republic,59.30
2019,50,Albania,51.99
2019,11,Poland,63.76
2019,24,Bulgaria,58.97
2019,56,Georgia,50.62
2019,12,Portugal,63.14
2019,25,Slovakia,58.82
2019,79,Turkey,46.81
2019,13,Belgium,63.09
2019,28,Estonia,58.29
2019,85,Azerbaijan,46.13
2020,1,Netherlands,652
2020,15,Serbia,597
2020,30,Italy,547
2020,2,Denmark,632
2020,16,Poland,596
2020,34,Spain,537
2020,3,Finland,631
2020,17,Romania,589
2020,18,Switzerland,588
2020,41,Russia,512
2020,5,Norway,624
2020,19,Czech Republic,580
2020,43,Albania,511
2020,20,Bulgaria,579
2020,44,Ukraine,506
2020,7,Portugal,618
2020,21,Greece,578
2020,47,Georgia,503
2020,8,Germany,616
2020,22,Slovakia,577
2020,51,Armenia,494
2020,24,Lithuania,570
2020,69,Turkey,465
2020,11,Luxembourg,610
2020,25,Estonia,566
2020,86,Azerbaijan,432
2020,13,Croatia,599
2020,28,France,559
2020,14,Hungary,598
2020,29,Latvia,555
2021,1,Netherlands,663
2021,15,Romania,598
2021,33,Spain,540
2021,2,Austria,641
2021,16,Poland,597
2021,35,Italy,535
2021,3,Denmark,636
2021,17,Hungary,593
2021,36,Moldova,532
2021,5,Norway,632
2021,19,Greece,591
2021,38,Belarus,528
2021,20,Slovakia,590
2021,39,Albania,527
2021,7,Portugal,625
2021,22,Estonia,581
2021,8,Sweden,623
2021,23,Bulgaria,580
2021,50,Georgia,512
2021,24,Lithuania,579
2021,51,Russia,511
2021,10,Croatia,617
2021,25,Switzerland,575
2021,59,Armenia,499
2021,11,Germany,616
2021,26,Latvia,569
2021,70,Turkey,478
2021,13,Luxembourg,604
2021,27,Czech Republic,563
2021,86,Azerbaijan,451
2021,14,Serbia,599
2021,31,France,551
2022,1,Netherlands,661
2022,15,Slovakia,597
2022,33,Spain,545
2022,3,Austria,628
2022,16,Luxembourg,596
2022,34,France,541
2022,17,Romania,595
2022,35,Ukraine,539
2022,5,Denmark,625
2022,18,Hungary,590
2022,39,Belarus,533
2022,19,Lithuania,589
2022,7,Sweden,618
2022,21,Bulgaria,581
2022,42,Moldova,528
2022,8,Finland,615
2022,23,Czech Republic,575
2022,45,Georgia,524
2022,25,Latvia,571
2022,47,Albania,523
2022,10,Germany,613
2022,26,Estonia,570
2022,57,Armenia,506
2022,11,Croatia,612
2022,27,Serbia,567
2022,64,Turkey,495
2022,13,Poland,600
2022,29,Switzerland,563
2022,92,Azerbaijan,440
2022,14,Greece,598
2022,32,Italy,548
2023,1,Netherlands,647
2023,15,Romania,596
2023,35,Italy,535
2023,3,Austria,616
2023,16,Bulgaria,589
2023,35,Moldova,535
2023,17,Hungary,588
2023,35,Spain,535
2023,5,Norway,614
2023,18,Slovakia,587
2023,39,Albania,533
2023,21,Lithuania,576
2023,41,Russia,532
2023,7,Belgium,608
2023,22,Luxembourg,575
2023,43,France,531
2023,8,Portugal,607
2023,23,Estonia,570
2023,45,Ukraine,530
2023,10,Germany,604
2023,24,Serbia,569
2023,48,Armenia,528
2023,11,Croatia,603
2023,26,Czech Republic,565
2023,66,Turkey,493
2023,12,Greece,602
2023,30,Switzerland,553
2023,83,Azerbaijan,463
2023,13,Poland,598
2023,32,Georgia,541
2023,14,Finland,597
2023,33,Belarus,539
2024,1,Netherlands,636
2024,14,Finland,590
2024,34,Georgia,543
2024,2,Norway,610
2024,15,Poland,588
2024,35,Belarus,539
2024,16,Bulgaria,586
2024,36,Spain,538
2024,5,Croatia,607
2024,17,Hungary,585
2024,38,Armenia,537
2024,18,Slovakia,584
2024,39,Moldova,536
2024,7,Denmark,603
2024,20,Estonia,578
2024,8,Greece,602
2024,21,Luxembourg,576
2024,43,Albania,533
2024,23,Lithuania,569
2024,44,Russia,532
2024,10,Germany,598
2024,24,Serbia,568
2024,46,Italy,528
2024,12,Romania,593
2024,25,Czechia,567
2024,49,France,524
2024,13,Belgium,592
2024,29,Cyprus,558
2024,65,Turkey,497
2024,31,Switzerland,550
2024,86,Azerbaijan,462